{"vr":0,"vf":true,"vq":0,"mmt":1.0,"mms":0.5996999740600586,"msf":0.5996999740600586,"ls":"EN"}