{"vr":7,"vf":true,"vq":5,"mmt":1.0,"mms":0.23468221724033357,"msf":0.6026445031166077,"ls":"EN"}
